INSERT INTO feedback (full_name, email, opinion) 
VALUES
    ('John Doe', 'johndoe@example.com', 'Great experience, highly recommend!'),
    ('Jane Smith', 'janesmith@example.com', 'The service was excellent!'),
    ('Michael Johnson', 'michaeljohnson@example.com', 'Good job, keep it up.'),
    ('Emily Davis', 'emilydavis@example.com', 'Could be better, but overall satisfied.'),
    ('Robert Wilson', 'robertwilson@example.com', 'Not very happy with the service.'),
    ('Jennifer Martinez', 'jennifermartinez@example.com', 'Average experience, nothing exceptional.'),
    ('William Anderson', 'williamanderson@example.com', 'Very disappointed, wont come back.'),
    ('Elizabeth Taylor', 'elizabethtaylor@example.com', 'Awesome service, will definitely come again!'),
    ('Christopher Thomas', 'christopherthomas@example.com', 'Could improve on response time.'),
    ('Patricia Jackson', 'patriciajackson@example.com', 'The staff was friendly and helpful.'),
    ('Daniel White', 'danielwhite@example.com', 'Clean and well-maintained facilities.'),
    ('Linda Harris', 'lindaharris@example.com', 'Prompt service, no complaints.'),
    ('Matthew Martin', 'matthewmartin@example.com', 'Unprofessional behavior, needs improvement.'),
    ('Karen Thompson', 'karenthompson@example.com', 'Satisfactory experience, nothing extraordinary.'),
    ('Andrew Garcia', 'andrewgarcia@example.com', 'Terrible service, wouldnt recommend.');




    INSERT INTO donors (name, age, weight, email, phone, city, blood_group, last_donation_date, gender, password)
VALUES
    ('John Doe', 25, 70, 'johndoe@example.com', '1234567890', 'Ahmednagar', 'O+', '2023-01-15', 'Male', '$2y$10$rUbuu9R2RV30nQemjBwJeOBwGxv3Cmhm76VTFD6tarxE4/SSHGfzC'),
    ('Jane Smith', 30, 65, 'janesmith@example.com', '9876543210', 'Akola', 'A+', '2022-12-20', 'Female', '$2y$10$rUbuu9R2RV30nQemjBwJeOBwGxv3Cmhm76VTFD6tarxE4/SSHGfzC'),
    ('Michael Johnson', 28, 80, 'michaeljohnson@example.com', '9988776655', 'Amravati', 'B+', '2022-11-10', 'Male', '$2y$10$rUbuu9R2RV30nQemjBwJeOBwGxv3Cmhm76VTFD6tarxE4/SSHGfzC'),
    ('Emily Davis', 32, 60, 'emilydavis@example.com', '1122334455', 'Beed', 'AB+', '2023-02-28', 'Female', '$2y$10$rUbuu9R2RV30nQemjBwJeOBwGxv3Cmhm76VTFD6tarxE4/SSHGfzC'),
    ('Robert Wilson', 35, 75, 'robertwilson@example.com', '5544332211', 'Bhandara', 'O-', '2022-10-05', 'Male', '$2y$10$rUbuu9R2RV30nQemjBwJeOBwGxv3Cmhm76VTFD6tarxE4/SSHGfzC'),
    ('Jennifer Martinez', 27, 68, 'jennifermartinez@example.com', '3344556677', 'Chandrapur', 'A-', '2023-03-10', 'Female', '$2y$10$rUbuu9R2RV30nQemjBwJeOBwGxv3Cmhm76VTFD6tarxE4/SSHGfzC'),
    ('William Anderson', 30, 72, 'williamanderson@example.com', '7788990011', 'Dhule', 'B+', '2022-09-15', 'Male', '$2y$10$rUbuu9R2RV30nQemjBwJeOBwGxv3Cmhm76VTFD6tarxE4/SSHGfzC'),
    ('Elizabeth Taylor', 28, 63, 'elizabethtaylor@example.com', '9988776655', 'Gondia', 'AB-', '2023-01-20', 'Female', '$2y$10$rUbuu9R2RV30nQemjBwJeOBwGxv3Cmhm76VTFD6tarxE4/SSHGfzC'),
    ('Christopher Thomas', 32, 78, 'christopherthomas@example.com', '1122334455', 'Jalgaon', 'O+', '2022-12-05', 'Male', '$2y$10$rUbuu9R2RV30nQemjBwJeOBwGxv3Cmhm76VTFD6tarxE4/SSHGfzC'),
    ('Patricia Jackson', 26, 68, 'patriciajackson@example.com', '8899001122', 'Latur', 'B+', '2022-11-30', 'Female', '$2y$10$rUbuu9R2RV30nQemjBwJeOBwGxv3Cmhm76VTFD6tarxE4/SSHGfzC'),
    ('Daniel White', 29, 70, 'danielwhite@example.com', '3344556677', 'Mumbai City', 'A+', '2023-02-10', 'Male', '$2y$10$rUbuu9R2RV30nQemjBwJeOBwGxv3Cmhm76VTFD6tarxE4/SSHGfzC'),
    ('Linda Harris', 31, 65, 'lindaharris@example.com', '7788990011', 'Nagpur', 'AB+', '2022-10-25', 'Female', '$2y$10$rUbuu9R2RV30nQemjBwJeOBwGxv3Cmhm76VTFD6tarxE4/SSHGfzC'),
    ('Matthew Martin', 33, 80, 'matthewmartin@example.com', '8899001122', 'Nanded', 'O-', '2023-01-05', 'Male', '$2y$10$rUbuu9R2RV30nQemjBwJeOBwGxv3Cmhm76VTFD6tarxE4/SSHGfzC'),
    ('Karen Thompson', 29, 72, 'karenthompson@example.com', '4455667788', 'Pune', 'A-', '2022-12-20', 'Female', '$2y$10$rUbuu9R2RV30nQemjBwJeOBwGxv3Cmhm76VTFD6tarxE4/SSHGfzC'),
    ('Andrew Garcia', 34, 75, 'andrewgarcia@example.com', '6677889900', 'Thane', 'B+', '2023-03-15', 'Male', '$2y$10$rUbuu9R2RV30nQemjBwJeOBwGxv3Cmhm76VTFD6tarxE4/SSHGfzC');










INSERT INTO blood_banks (name, phone, alternate_phone, email, a_plus, a_minus, b_plus, b_minus, ab_plus, ab_minus, o_plus, o_minus, city, password) VALUES
('ABC Blood Bank', '123-456-7890', '987-654-3210', 'abc@example.com', 50, 30, 40, 20, 60, 25, 70, 35, 'Ahmednagar', '123456'),
('XYZ Blood Bank', '111-222-3333', '333-222-1111', 'xyz@example.com', 45, 25, 35, 15, 55, 20, 65, 30, 'Mumbai City', '123456'),
('PQR Blood Bank', '999-888-7777', '777-888-9999', 'pqr@example.com', 55, 35, 45, 25, 65, 30, 75, 40, 'Pune', '123456'),
('LMN Blood Bank', '777-888-9999', '999-888-7777', 'lmn@example.com', 60, 40, 50, 30, 70, 35, 80, 45, 'Nagpur', '123456'),
('UVW Blood Bank', '444-555-6666', '666-555-4444', 'uvw@example.com', 70, 50, 60, 40, 80, 45, 90, 50, 'Mumbai Suburban', '123456'),
('RST Blood Bank', '222-333-4444', '444-333-2222', 'rst@example.com', 75, 55, 65, 45, 85, 50, 95, 55, 'Nashik', '123456'),
('GHI Blood Bank', '555-666-7777', '777-666-5555', 'ghi@example.com', 80, 60, 70, 50, 90, 55, 100, 60, 'Solapur', '123456'),
('EFG Blood Bank', '888-999-0000', '000-999-8888', 'efg@example.com', 85, 65, 75, 55, 95, 60, 105, 65, 'Thane', '123456'),
('JKL Blood Bank', '111-222-3333', '333-222-1111', 'jkl@example.com', 90, 70, 80, 60, 100, 65, 110, 70, 'Kolhapur', '123456'),
('OPQ Blood Bank', '999-888-7777', '777-888-9999', 'opq@example.com', 95, 75, 85, 65, 105, 70, 115, 75, 'Nagpur', '123456'),
('STU Blood Bank', '777-888-9999', '999-888-7777', 'stu@example.com', 100, 80, 90, 70, 110, 75, 120, 80, 'Mumbai City', '123456'),
('VWX Blood Bank', '444-555-6666', '666-555-4444', 'vwx@example.com', 105, 85, 95, 75, 115, 80, 125, 85, 'Pune', '123456'),
('YZA Blood Bank', '222-333-4444', '444-333-2222', 'yza@example.com', 110, 90, 100, 80, 120, 85, 130, 90, 'Nagpur', '123456'),
('BCD Blood Bank', '555-666-7777', '777-666-5555', 'bcd@example.com', 115, 95, 105, 85, 115, 90, 125, 95, 'Solapur', '123456');
